,positive_100k,active_100k,recovered_100k,death_100k,hospitalizedCumulative_100k,inIcuCurrently_100k,onVentilatorCurrently_100k,BedsPer100k
count,61.0,61.0,61.0,61.0,61.0,62.0,62.0,62.0
mean,358.17500818679093,335.96171915240876,191.6903356880321,17.845263383272826,34.32861970727949,116.3727113476113,62.621208842965174,13440.0
std,65.3540831505899,434.44247602500616,176.48774638161117,7.331447736220119,42.81815211228427,28.102136070917698,13.511681756884306,0.0
min,247.00242676980997,-2165.09922907854,35.48126603653418,4.874971998728142,-93.92599808397517,71.10622314726152,39.35300043318035,13440.0
25%,308.1257797860453,290.1015084112878,107.98851247366838,12.201420828437222,21.637663039972722,94.24305410944025,53.46141101983016,13440.0
50%,344.03760424799475,334.69505752151963,151.58569917657405,16.390752690869704,25.122326683245547,111.0352369219611,62.120328586028606,13440.0
75%,407.7763010163944,370.884225789785,212.88380109110494,23.811088634957855,29.823256933305856,140.0801479009776,74.68258023572747,13440.0
max,542.0761561578365,2242.826812387457,1279.4810326882007,33.91654812427328,246.3710546632749,165.88370846380303,94.52132152245757,13440.0
