,positive_100k,active_100k,recovered_100k,death_100k,hospitalizedCumulative_100k,inIcuCurrently_100k,onVentilatorCurrently_100k,BedsPer100k
count,30.0,30.0,30.0,30.0,30.0,31.0,31.0,31.0
mean,398.6862281949674,365.5356428032135,147.17200462675814,23.269499198392634,39.16019107890368,139.37926296715148,73.5028583780218,13440.0
std,57.97454510653096,616.4929663214118,81.34055012116036,6.145355766812115,43.52385447100153,17.398660698213916,8.14095938728633,0.0
min,290.16086858831113,-2142.7344256892793,35.48126603653418,13.09740889335103,9.507140628205775,108.53020977426083,61.621761322958186,13440.0
25%,350.4338342784913,318.78996762971065,80.56286227915712,18.250435339598965,22.99095339220159,126.46373698682956,66.26114505173899,13440.0
50%,406.7076107796347,366.5545744209094,127.77419729665257,24.476603587953605,28.294728030351393,140.3265606275694,74.7063776283245,13440.0
75%,430.119819481823,419.22106154314815,212.49095675637943,26.511522229365653,32.753925434323975,151.57255807974093,79.15664464619381,13440.0
max,540.3190008070451,2220.9271555660744,412.6250144834539,34.15153750611023,246.3710546632749,165.84953067710865,94.52132152245757,13440.0
