,positive_100k,active_100k,recovered_100k,death_100k,hospitalizedCumulative_100k,inIcuCurrently_100k,onVentilatorCurrently_100k,BedsPer100k
count,61.0,61.0,61.0,61.0,61.0,62.0,62.0,62.0
mean,358.7586251188903,336.00800974647234,170.2124399530743,17.907241566582123,34.32861970727949,113.65842745934572,62.619708847753905,13440.0
std,65.62015731996607,442.9207750512491,105.72348950656242,7.295266306435052,42.82107668364495,26.9156906651422,13.514072422392196,0.0
min,245.20345862006798,-2213.4820040531886,35.48126603653418,4.879793448290002,-93.92599808397517,70.61338463839371,39.35300043318035,13440.0
25%,308.3151448544413,292.33872731078736,107.98851247366656,12.286807720045545,21.637663039972722,94.07877460648433,53.46141101983016,13440.0
50%,344.55815896844797,332.71701579142973,147.2271090376007,17.253119683307432,25.122326683245547,111.56267783096004,62.120328586028606,13440.0
75%,405.03050752468334,370.77761102541444,211.3124237522029,23.811088634957855,29.823256933305856,126.99120635424828,74.68258023572747,13440.0
max,544.3485369785631,2291.2095873621056,626.665233723942,33.91654812427328,246.3710546632749,167.5606227398938,94.52132152245757,13440.0
